Handle,Title,Body (HTML),Vendor,Product Category,Type,Tags,Published,Option1 Name,Option1 Value,Option1 Linked To,Option2 Name,Option2 Value,Option2 Linked To,Option3 Name,Option3 Value,Option3 Linked To,Variant SKU,Variant Grams,Variant Inventory Tracker,Variant Inventory Qty,Variant Inventory Policy,Variant Fulfillment Service,Variant Price,Variant Compare At Price,Variant Requires Shipping,Variant Taxable,Unit Price Total Measure,Unit Price Total Measure Unit,Unit Price Base Measure,Unit Price Base Measure Unit,Variant Barcode,Image Src,Image Position,Image Alt Text,Gift Card,SEO Title,SEO Description,Google Shopping / Google Product Category,Google Shopping / Gender,Google Shopping / Age Group,Google Shopping / MPN,Google Shopping / Condition,Google Shopping / Custom Product,Google Shopping / Custom Label 0,Google Shopping / Custom Label 1,Google Shopping / Custom Label 2,Google Shopping / Custom Label 3,Google Shopping / Custom Label 4,Volume (product.metafields.custom.volume),Google: Custom Product (product.metafields.mm-google-shopping.custom_product),Age restrictions (product.metafields.shopify.age-restrictions),Candle type (product.metafields.shopify.candle-type),Color (product.metafields.shopify.color-pattern),Country (product.metafields.shopify.country),Drinkware material (product.metafields.shopify.drinkware-material),Event type (product.metafields.shopify.event-type),Region (product.metafields.shopify.region),Size (product.metafields.shopify.size),Ticket additional features (product.metafields.shopify.ticket-additional-features),Ticket type (product.metafields.shopify.ticket-type),Wine sweetness (product.metafields.shopify.wine-sweetness),Wine variety (product.metafields.shopify.wine-variety),Complementary products (product.metafields.shopify--discovery--product_recommendation.complementary_products),Related products (product.metafields.shopify--discovery--product_recommendation.related_products),Related products settings (product.metafields.shopify--discovery--product_recommendation.related_products_display),Search product boosts (product.metafields.shopify--discovery--product_search_boost.queries),Variant Image,Variant Weight Unit,Variant Tax Code,Cost per item,Status
1000,Bolt 117 Lager,"<p><em>Bolt 117</em><span> is bright, clean, and crisp. Lagered for almost 2 months, with a smooth crisp finish that'll make any backyard barbecue complete. 5% ABV and 25 IBU's.</span></p>",Nashoba,"Food, Beverages & Tobacco > Beverages > Alcoholic Beverages > Beer",,,TRUE,Title,Beer,,6.06E+11,Bottle,,,,,6.06E+11,0,,-3,deny,manual,5,3,TRUE,FALSE,,,,,,https://cdn.shopify.com/s/files/1/0623/7254/4598/files/bolt.jpg?v=1738098563,1,,FALSE,,,Beer,,Adult,,,,,,,,,,,,,,,,,,,,,,,,,,,,lb,,,active
southie-soda-355-ml-can,Southie Soda - 355 ml (Can),"<div>Bold, refreshing, and full of character—Southie Soda is a whiskey ginger cocktail that packs a punch. Crafted with Stimulus 5 year Whiskey and a fiery kick of ginger, this canned cocktail delivers a perfect balance of spice and warmth.</div>
<div> </div>
<div>Tasting Notes:</div>
<div>Strong notes of zesty/ spicy ginger upfront, giving it a crisp, invigorating bite</div>
<div>A smooth whiskey backbone, adding depth and richness to every sip. Carbonated.<br>8% ABV &amp; 12oz</div>","Nashoba Valley Winery, Distillery and Brewery","Food, Beverages & Tobacco > Beverages > Alcoholic Beverages > Liquor & Spirits",Distilled Spirits,No Shipping,TRUE,Title,Spirits,,Size,355 ml,,,,,,1360.77711,,-14,deny,manual,6,21,TRUE,FALSE,,,,,,https://cdn.shopify.com/s/files/1/0623/7254/4598/files/SouthieSoda.jpg?v=1741442720,1,,FALSE,,,Spirits,,Adult,,,,,,,,,355.0ml,,,,,,,,,,,,,,,,,,,lb,,,active
local-elderberry-gin-fizz-355-ml-can-copy,Local Elderberry Gin Fizz - 355 ml (Can),"<p>Made with New York Elderberry Juice, Reverse Osmosis Water, and Nashoba Valley Spirits Perfect 10 Gin. Carbonated.<br>6% ABV &amp; 12oz</p>","Nashoba Valley Winery, Distillery and Brewery","Food, Beverages & Tobacco > Beverages > Alcoholic Beverages > Liquor & Spirits",Distilled Spirits,No Shipping,TRUE,Title,Spirits,,Size,355 ml,,,,,,1360.77711,,-10,deny,manual,6,21,TRUE,FALSE,,,,,,https://cdn.shopify.com/s/files/1/0623/7254/4598/files/LocalGin.jpg?v=1734296387,1,,FALSE,,,Spirits,,Adult,,,,,,,,,355.0ml,,,,,,,,,,,,,,,,,,,lb,,,active
local-cranberry-bog-fizz-355-ml-can,Local Cranberry Bog Fizz - 355 ml (Can),"<p>Made with Cape Cod Cranberry Juice, Real Lime Juice, and Nashoba Valley Spirits Vodka. Carbonated.<br>6% ABV &amp; 12oz</p>","Nashoba Valley Winery, Distillery and Brewery","Food, Beverages & Tobacco > Beverages > Alcoholic Beverages > Liquor & Spirits",Distilled Spirits,No Shipping,TRUE,Title,Spirits,,Size,355 ml,,,,,,1360.77711,,-10,deny,manual,6,21,TRUE,FALSE,,,,,,https://cdn.shopify.com/s/files/1/0623/7254/4598/files/LocalCran.jpg?v=1734295006,1,,FALSE,,,Spirits,,Adult,,,,,,,,,355.0ml,,,,,,,,,,,,,,,,,,,lb,,,active
local-blueberry-lemonade-355-ml-can-1,Local Blueberry Lemonade Fizz - 355 ml (Can),"<p>Made with Maine Blueberry Juice, House made Lemonade, and Nashoba Valley Spirits Vodka. Carbonated.<br>6% ABV &amp; 12oz</p>","Nashoba Valley Winery, Distillery and Brewery","Food, Beverages & Tobacco > Beverages > Alcoholic Beverages > Liquor & Spirits",Distilled Spirits,No Shipping,TRUE,Title,Spirits,,Size,355 ml,,,,,,1360.77711,,-24,deny,manual,6,21,TRUE,FALSE,,,,,,https://cdn.shopify.com/s/files/1/0623/7254/4598/files/LocalBlue.jpg?v=1734294760,1,,FALSE,,,Spirits,,Adult,,,,,,,,,355.0ml,,,,,,,,,,,,,,,,,,,lb,,,active
local-blueberry-lemonade-355-ml-can,Local Blueberry Lemonade - 355 ml can,"<p>Our version of cognac. The silky rich bouquet slowly releases the unique blend of brandy, oak, maple and orange. Our best selling spirit!</p>","Nashoba Valley Winery, Distillery and Brewery","Food, Beverages & Tobacco > Beverages > Alcoholic Beverages > Liquor & Spirits",Distilled Spirits,No Shipping,FALSE,Title,Spirits,,Size,750 ml,,,,,,1360.77711,,0,deny,manual,36,21,TRUE,FALSE,,,,,,https://cdn.shopify.com/s/files/1/0623/7254/4598/files/NoCo1.jpg?v=1733757138,1,,FALSE,,,Spirits,,Adult,,,,,,,,,355.0ml,,,,,,,,,,,,,,,,,,,lb,,,draft
valley-view-blue-agave-750-ml,Valley View Blue Agave - 750 ml,"<p>Valley View Blue Agave Spirit is crafted using the highest quality Blue Agave. Distilled to Perfection, creating the perfect spirit for any occasion.</p>","Nashoba Valley Winery, Distillery and Brewery","Food, Beverages & Tobacco > Beverages > Alcoholic Beverages > Liquor & Spirits",Distilled Spirits,No Shipping,TRUE,Title,Spirits,,Size,750 ml,,,,,,1360.77711,,-1,deny,manual,36,21,TRUE,FALSE,,,,,,https://cdn.shopify.com/s/files/1/0623/7254/4598/files/BlueAgave.jpg?v=1734294067,1,,FALSE,,,Spirits,,Adult,,,,,,,,,,,,,,,,,,,,,,,,,,,,lb,,,active
xo-grape-brandy-750-ml,XO Grape Brandy - 750 ml,<p>This XO Grape brandy aged peacefully in our cellar for 10 years in select European oak casks. This extended aging has Imparted a smooth and well rounded flavor to this spirit.</p>,"Nashoba Valley Winery, Distillery and Brewery","Food, Beverages & Tobacco > Beverages > Alcoholic Beverages > Liquor & Spirits > Brandy",Distilled Spirits,No Shipping,TRUE,Title,Spirits,,Size,750 ml,,,,,,1360.77711,,-1,deny,manual,52,21,TRUE,FALSE,,,,,,https://cdn.shopify.com/s/files/1/0623/7254/4598/files/XO.jpg?v=1734293953,1,,FALSE,,,Spirits,,Adult,,,,,,,,,750.0ml,,,,,,,,,,,,,,,,,,,lb,,,active
papas-bourbon-750-ml,Papa's Bourbon - 750 ml,"<p>A spirit hand crafted and designed from mash to bottle to showcase the high-quality ingredients used in this product. Aged peacefully in our cellars for 3 years creates a perfect amber color, and utilizing three types of corn grown in the United States, rye, wheat and barley this spirit is the essence of what bourbon should be. With an initial hint of sweetness followed by strong notes of corn, and finishes with slight vanilla and spicy notes, this spirit is perfect for drinking neat or in any cocktail. Papa’s Bourbon Whiskey was designed by and pays tribute to our founder and Bourbon connoisseur Papa Pelletier.</p>","Nashoba Valley Winery, Distillery and Brewery","Food, Beverages & Tobacco > Beverages > Alcoholic Beverages > Liquor & Spirits > Whiskey",Distilled Spirits,No Shipping,TRUE,Title,Spirits,,Size,750 ml,,,,,,1360.77711,,-2,deny,manual,44,21,TRUE,FALSE,,,,,,https://cdn.shopify.com/s/files/1/0623/7254/4598/files/Papa_s.jpg?v=1734293858,1,,FALSE,,,Spirits,,Adult,,,,,,,,,750.0ml,,,,,,,,,,,,,,,,,,,lb,,,active
wild-knight-rum-750-ml,Wild Knight Rum - 750 ml,"<p>A hand-crafted white rum made from 100% blackstrap molasses. Light-bodied with prominent notes of molasses and sweetness, this is the perfect spirit for any classic rum cocktail. The name Wild Knight pays homage to the historic rum running and World War II wooden vessel of Cape Cod, the ""Wild Knight"".</p>","Nashoba Valley Winery, Distillery and Brewery","Food, Beverages & Tobacco > Beverages > Alcoholic Beverages > Liquor & Spirits > Rum",Distilled Spirits,No Shipping,TRUE,Title,Spirits,,Size,750 ml,,,,,,1360.77711,,-1,deny,manual,22,21,TRUE,FALSE,,,,,,https://cdn.shopify.com/s/files/1/0623/7254/4598/files/WildKnight1.jpg?v=1734293681,1,,FALSE,,,Spirits,,Adult,,,,,,,,,750.0ml,,,,,,,,,,,,,,,,,,,lb,,,active
bolton-farmhouse-old-rum-750-ml,Bolton Farmhouse Old Rum- 750 ml,"<p>This amber rum is made from 100% blackstrap molasses, aged for 5 years in a retired bourbon barrel and a retired wine cask. These barrels were aged separately and then blended, creating the first release of our Bolton Farmhouse Old Rum. Strong notes of molasses and vanilla on the nose and palate, followed by light notes of toasted almond with a slightly sweet/ dry finish. Perfect for enjoying on the rocks or to take any rum cocktail to the next level.</p>","Nashoba Valley Winery, Distillery and Brewery","Food, Beverages & Tobacco > Beverages > Alcoholic Beverages > Liquor & Spirits > Rum",Distilled Spirits,No Shipping,TRUE,Title,Spirits,,Size,750 ml,,,,,,1360.77711,,-1,deny,manual,34,21,TRUE,FALSE,,,,,,https://cdn.shopify.com/s/files/1/0623/7254/4598/files/OldRum1.jpg?v=1734293502,1,,FALSE,,,Spirits,,Adult,,,,,,,,,750.0ml,,,,,,,,,,,,,,,,,,,lb,,,active
tea-party-flavored-whiskey-750-ml,Tea Party Flavored Whiskey - 750 ml,"<p>Our way of putting a spin on the timeless spirit, while showcasing our commitment to excellence and quality. This spirit was rectified with reverse osmosis water that had been steeped with a special blend of tea leaves.</p>","Nashoba Valley Winery, Distillery and Brewery","Food, Beverages & Tobacco > Beverages > Alcoholic Beverages > Liquor & Spirits > Whiskey",Distilled Spirits,No Shipping,TRUE,Title,Spirits,,Size,750 ml,,,,,,1360.77711,,0,deny,manual,44,21,TRUE,FALSE,,,,,,https://cdn.shopify.com/s/files/1/0623/7254/4598/files/TeaParty1_1.jpg?v=1734293360,1,,FALSE,,,Spirits,,Adult,,,,,,,,,750.0ml,,,,,,,,,,,,,,,,,,,lb,,,active
bourbon-tea-party-750-ml,Bourbon Tea Party - 750 ml ** November Spirit of the Month 10% Off **,"<p>Our way of putting a spin on the timeless spirit, while showcasing our commitment to excellence and quality. This spirit was rectified with reverse osmosis water that had been steeped with a special blend of tea leaves and orange peel.</p>","Nashoba Valley Winery, Distillery and Brewery","Food, Beverages & Tobacco > Beverages > Alcoholic Beverages > Liquor & Spirits > Whiskey",Distilled Spirits,No Shipping,TRUE,Title,Spirits,,Size,750 ml,,,,,,1360.77711,,0,deny,manual,39.6,21,TRUE,FALSE,,,,,,,,,FALSE,,,Spirits,,Adult,,,,,,,,,750.0ml,,,,,,,,,,,,,,,,,,,lb,,,active
northern-comfort-375-ml-copy,Northern Comfort - 750 ml,"<p>Our version of cognac. The silky rich bouquet slowly releases the unique blend of brandy, oak, maple and orange. Our best selling spirit!</p>","Nashoba Valley Winery, Distillery and Brewery","Food, Beverages & Tobacco > Beverages > Alcoholic Beverages > Liquor & Spirits",Distilled Spirits,No Shipping,FALSE,Title,Spirits,,Size,750 ml,,,,,,1360.77711,,-8,deny,manual,38,21,TRUE,FALSE,,,,,,https://cdn.shopify.com/s/files/1/0623/7254/4598/files/NoCo1.jpg?v=1733757138,1,,FALSE,,,Spirits,,Adult,,,,,,,,,750.0ml,,,,,,,,,,,,,,,,,,,lb,,,draft
nashoba-vodka-copy-copy-copy-copy-copy-copy,Single Malt 11 Year Whiskey,"<p>Undisturbed for 11 years in a retired wine cask, Stimulus Eleven mellowed into our premier, top shelf whisky. Amber in color, richly textured (great mouth feel), with the mild taste of vanilla, maple syrup, balanced by dried fruits, and resinous oak.</p>","Nashoba Valley Winery, Distillery and Brewery","Food, Beverages & Tobacco > Beverages > Alcoholic Beverages > Liquor & Spirits",Distilled Spirits,No Shipping,TRUE,Title,Spirits,,Size,750 ml,,,,,,0,,-6,deny,manual,74,21,TRUE,FALSE,,,,,,https://cdn.shopify.com/s/files/1/0623/7254/4598/files/Stimulus11.jpg?v=1733931471,1,,FALSE,,,Spirits,,Adult,,,,,,,,,750.0ml,,,,,,,,,,,,,,,,,,,lb,,,active
nashoba-vodka-copy-copy-copy-copy-copy,Rye Whiskey,<p>Crafted using 90% Rye and aged in a combination of new American oak and a retired wine oak cask hand selected by our Master Distiller. This wine cask last held a 2009 Cab Franc which provides an added layer of spice complexity to create a delectable smooth yet bold spicy spirit.</p>,"Nashoba Valley Winery, Distillery and Brewery","Food, Beverages & Tobacco > Beverages > Alcoholic Beverages > Liquor & Spirits",Distilled Spirits,,FALSE,Title,Spirits,,Size,750 ml,,,,,,0,,0,deny,manual,72.65,21,TRUE,FALSE,,,,,,,,,FALSE,,,Spirits,,Adult,,,,,,,,,,,,,,,,,,,,,,,,,,,,lb,,,draft
nashoba-vodka-copy-copy-copy-copy,Perfect 10 Gin - 750 ml,"<p>Combining 10 botanicals of juniper berries, coriander, clove, nutmeg, lemon peel, orange peel, cinnamon, angelica root, herbs de Provence and anise.</p>","Nashoba Valley Winery, Distillery and Brewery","Food, Beverages & Tobacco > Beverages > Alcoholic Beverages > Liquor & Spirits",Distilled Spirits,No Shipping,TRUE,Title,Spirits,,Size,750 ml,,,,,,0,,-2,deny,manual,24,21,TRUE,FALSE,,,,,,https://cdn.shopify.com/s/files/1/0623/7254/4598/files/DSC01947.jpg?v=1734208862,1,,FALSE,,,Spirits,,Adult,,,,,,,,,,,,,,,,,,,,,,,,,,,,lb,,,active
nashoba-vodka-copy-copy-copy,Farmhouse Pear Brandy - 750 ml,"<p>Outstanding waxy pear aromas are very faithful. Smooth, oily and textured on the palate, with wonderful pear flavors throughout.</p>","Nashoba Valley Winery, Distillery and Brewery","Food, Beverages & Tobacco > Beverages > Alcoholic Beverages > Liquor & Spirits",Distilled Spirits,"No Shipping, Spirit of the Month",TRUE,Title,Spirits,,Size,750 ml,,,,,,1360.77711,,-1,deny,manual,38.7,21,TRUE,FALSE,,,,,,https://cdn.shopify.com/s/files/1/0623/7254/4598/files/PearBrandy_newlabel.jpg?v=1733261203,1,,FALSE,,,Spirits,,Adult,,,,,,,,,750.0ml,,,,,,,,,,,,,,,,,,,lb,,,active
nashoba-vodka-copy-copy,Silk - Peach Brandy,"<p>Soft, velvety and elegant, Silk is a product of all things peachy. Peach brandy sweetened with peach juice and peach wine. Sunny light golden color. Sweet, natural peach juice aromas.</p>","Nashoba Valley Winery, Distillery and Brewery","Food, Beverages & Tobacco > Beverages > Alcoholic Beverages > Liquor & Spirits",Distilled Spirits,"brandy, flavorful brandy., peach",FALSE,Title,Spirits,,Size,375 ml,,,,,,0,,0,deny,manual,20,21,TRUE,FALSE,,,,,,,,,FALSE,,,Spirits,,Adult,,,,,,,,,375.0ml,,,,,,,,,,,,,,,,,,,lb,,,draft
nashoba-vodka-copy-1,Northern Comfort - 375 ml,"<p>Our version of cognac. The silky rich bouquet slowly releases the unique blend of brandy, oak, maple and orange. Our best selling spirit! </p>","Nashoba Valley Winery, Distillery and Brewery","Food, Beverages & Tobacco > Beverages > Alcoholic Beverages > Liquor & Spirits",Distilled Spirits,No Shipping,TRUE,Title,Spirits,,Size,375 ml,,,,,,1360.77711,,-3,deny,manual,23,21,TRUE,FALSE,,,,,,https://cdn.shopify.com/s/files/1/0623/7254/4598/files/NoCoLittle1.jpg?v=1733757058,1,,FALSE,,,Spirits,,Adult,,,,,,,,,375.0ml,,,,,,,,,,,,,,,,,,,lb,,,active
nashoba-vodka-copy,Stimulus 5 year Whiskey - 750 ml,"<p>Our whiskey is 100 percent barley malt oak aged for a minimum of 5 years. As of this date, it is very aromatic, smooth and medium bodied, with palates that range from lushly complex to floral delicacy. </p>","Nashoba Valley Winery, Distillery and Brewery","Food, Beverages & Tobacco > Beverages > Alcoholic Beverages > Liquor & Spirits",Distilled Spirits,No Shipping,TRUE,Title,Spirits,,Size,750 ml,,,,,,0,,-2,deny,manual,58,21,TRUE,FALSE,,,,,,https://cdn.shopify.com/s/files/1/0623/7254/4598/files/Stimulus.jpg?v=1733931580,1,,FALSE,,,Spirits,,Adult,,,,,,,,,750.0ml,,,,,,,,,,,,,,,,,,,lb,,,active
farmhouse-vodka,Nashoba Vodka - 750 ml,"<p>First released in 2003, our vodka is produced 100 percent from locally grown apples. Moderately full-bodied. Chocolate, anise, dried herbs, charcoal. Rich, smooth texture.</p>","Nashoba Valley Winery, Distillery and Brewery","Food, Beverages & Tobacco > Beverages > Alcoholic Beverages > Liquor & Spirits",Distilled Spirits,No Shipping,TRUE,Title,Spirits,,Size,750 ml,,,,,,1360.77711,,-76,deny,manual,24,21,TRUE,FALSE,,,,,,https://cdn.shopify.com/s/files/1/0623/7254/4598/files/DSC01957.jpg?v=1734208939,1,,FALSE,,,Spirits,,Adult,,,,,,,,,750.0ml,,,,,,,,,,,,,,,,,,,lb,,,active
1022,Farmhouse Apple Brandy - 750 ml,"<p>Deep amber, with a light chestnut cast. Apple, citrus, floral, and sweet herbal aromas. Compact texture.</p>","Nashoba Valley Winery, Distillery and Brewery","Food, Beverages & Tobacco > Beverages > Alcoholic Beverages",Distilled Spirits,"<p>Deep amber, and sweet herbal aromas. Compact texture. Opens with a light sweet, citrus, floral, juicy feel yet turns dry and angular. Has a grainy touch which carries a bit of heat</p>, No Shipping, with a light chestnut cast. Apple",TRUE,Title,Spirits,,114,N/A,,,,,'114,1360.77711,,0,deny,manual,36,32,TRUE,FALSE,,,,,,https://cdn.shopify.com/s/files/1/0623/7254/4598/files/AppleBrandy_newlabel_1.jpg?v=1733261279,1,,FALSE,,,Spirits,,Adult,,,,,,,,,750.0ml,,,,,,,,,,,,,,,,,,,lb,,,active
1019,Grape Brandy - Estate - 750 ml,"<p><span>Nashoba Grape Brandy is an estate-grown, oak-aged brandy made from Vignoles grapes harvested at Nashoba Valley Winery in Massachusetts; </span><span>it is distilled from the first press of grapes and aged in American oak barrels for a significant period, resulting in a full-bodied, oaky, and flavorful spirit with distinct notes of the estate-grown grapes.</span></p>",Nashoba,"Food, Beverages & Tobacco > Beverages > Alcoholic Beverages > Liquor & Spirits > Brandy",,"Estate grown & oak-aged From the first harvest of grapes at Nashoba, flavorful brandy., No Shipping, oaky, our Vignoles grapes were processed, pressed and distilled. We placed this distillate in American Oak barrels where it aged quietly for nearly 9 years creating a full-bodied",TRUE,Title,Spirits,,Size,750 ml,,,,,'140,1360.77711,,0,deny,manual,52,50,TRUE,FALSE,,,,,,https://cdn.shopify.com/s/files/1/0623/7254/4598/files/GrapeBrandy.jpg?v=1732461817,1,,FALSE,,,Spirits,,Adult,,,,,,,,,750.0ml,,,,,,,,,,,,,,,,,,,lb,,,active
1017,New Wave Gin,"<p>A spin on our classic perfect 10 Gin. This is an easy drinking, lighter gin, that has a focus on citrus and juniper flavors. We blended and rested this spirit over a period of a year</p>",Nashoba,"Food, Beverages & Tobacco > Beverages > Alcoholic Beverages > Liquor & Spirits","A spin on our classic Perfect 10 Gin. This is an easy drinking, lighter gin, with a focus on citrus and juniper flavors. We blended and rested this spirit over a period of several months resulting in this smooth, delicious hand-crafted spirit.","<p>A spin on our classic perfect 10 Gin. This is an easy drinking, delicious hand-crafted spirit.</p>, gin, lighter gin, that has a focus on citrus and juniper flavors. We blended and rested this spirit over a period of several months resulting in this smooth",FALSE,Title,Spirits,,156,750 ml,,,,,'156,1360.77711,,0,deny,manual,27,21,TRUE,FALSE,,,,,"A spin on our classic perfect 10 Gin. This is an easy drinking, lighter gin, that has a focus on citrus and juniper flavors. We blended and rested this...",https://cdn.shopify.com/s/files/1/0623/7254/4598/files/newwave1-1714923691276.jpg?v=1732366181,1,,FALSE,,,Spirits,,Adult,,,,,,,,,750.0ml,,,,,,,,,,,,,,,,,,,lb,,,draft
holiday-spiced-cranberry-apple-wine,Holiday Spiced Cranberry Apple Wine,<p>Limited seasonal release. Our traditional Cranberry Apple wine infused with proprietary spices. Perfect addition to your holiday dinner table.</p>,"Nashoba Valley Spirits, Ltd.","Food, Beverages & Tobacco > Beverages > Alcoholic Beverages > Wine",Seasonal Wine - Holiday Spiced Cranberry Apple,"fruit, heritage, wine",TRUE,Title,Default Title,,,,,,,,'60610010312,1360.77711,,-94,deny,manual,19.25,,TRUE,FALSE,,,,,,https://cdn.shopify.com/s/files/1/0623/7254/4598/files/dsc01490-1730407729270.jpg?v=1732366313,1,,FALSE,,,Wine,,Adult,,,,,,,,,750.0ml,,,,,,,,massachusetts,,,,semi-sweet,,,,,,,lb,,,active
cranberry-apple-wine-1,Cranberry Apple Wine,<p><span>A New England Tradition.   One of the early wines produced by Nashoba blending the fresh cranberries of our grower Cape Cod Select and our own Red Delicious Apples. The subtle flavors and sweetness of Red Delicious is the perfect fruit to balance the crisp tartness.</span></p>,"Nashoba Valley Spirits, Ltd.","Food, Beverages & Tobacco > Beverages > Alcoholic Beverages > Wine",Semi Sweet,"fruit, heritage, wine",TRUE,Title,Default Title,,,,,,,,,1360.77711,,-64,deny,manual,18.5,18.5,TRUE,FALSE,,,,,,https://cdn.shopify.com/s/files/1/0623/7254/4598/files/CranApple1.jpg?v=1733755221,1,,FALSE,,,Wine,,Adult,,,,,,,,,750.0ml,,,,,,,,massachusetts,,,,semi-sweet,,,,,,,lb,,,active
fitzs-spritz,Fitz's Spritz,"<p>Nashoba's play on the classic Italian Favorite ""Aperol Spritz"". Apple wine blended with Nashoba Valley Spirits Vodka, infused with: vanilla, sweet orange peel, bitter orange peel, cinchona and gentian root. Carbonated. <br>8% ABV &amp; 12oz.</p>",Nashoba,"Food, Beverages & Tobacco > Beverages > Alcoholic Beverages > Wine",Canned Wine,,TRUE,Title,Canned Wine,,1.11E+13,Canned,,,,,,0,,-7,deny,manual,6,6.75,TRUE,FALSE,,,,,,https://cdn.shopify.com/s/files/1/0623/7254/4598/files/FitzSPrits.jpg?v=1753032664,1,,FALSE,,,Wine,,Adult,,,,,,,,,,,,,,,,,,,,,,,,,,,,lb,,,active
harvest-hills-rose,Harvest Hills Rosé,"<p><span class=""OYPEnA font-feature-liga-off font-feature-clig-off font-feature-calt-off text-decoration-none text-strikethrough-none"">A bright and refreshing rosé crafted from a unique blend of 80% Chardonnay, 14% Pinot Gris and 6% St. Croix. Delicate aromas of apricot and lemon greet the nose while the palate opens with notes of tart plum followed by layers of strawberry jam, ripe apricot, and a soft peachy finish.</span></p>","Nashoba Valley Spirits, Ltd.","Food, Beverages & Tobacco > Beverages > Alcoholic Beverages > Wine",Our dry rose,"<p>Our dry rose made from Petit Verdot grapes bring forth the elegant flavors of strawberries, and are typically used as 10% or less of a Bordeaux blend. Though rarely produced as a single varietal, and perhaps even less so as a rose, and watermelon. Ideal for a barbecue and for drinking with spicy food such as curries. A modern rose for contemporary food.Petit Verdot grapes are originally from the Bordeaux region in France, black cherry) and well-defined gravel-like minerality to create an extremely unique, blackberry, bluerry, fruit forward rose with a large degree of complexity. Having sourced grapes from a premier Californian grower, highly drinkable, rose water, this wine was created to enable the unique characteristics of Petit Verdot to shine</p>, we have decided to capitalize on the highly sought after fruit aromas (plum, wine",TRUE,Title,Default Title,,,,,,,,'60610010817,1360.77711,,-16,deny,manual,22.5,,TRUE,FALSE,,,,,,https://cdn.shopify.com/s/files/1/0623/7254/4598/files/HHR.jpg?v=1743522661,1,,FALSE,,,Wine,,Adult,,,,,,,,,750.0ml,,,,,united-states,,,estate; california,,,,off-dry,rose,,,,,,lb,,,active
foggy-bog-375mlfoggy-bog-375ml,Foggy Bog - 375mL,"<p>The essence of New England local harvests in a bottle. This dessert style wine is made from our Cranberry-Apple wine, fortified with Nashoba Valley Spirits Cranberry Brandy, and then infused with mulling spices. Released in 2003, Foggy Bog is simply a homerun and is the perfect pairing for any New England Holiday gathering!</p>","Nashoba Valley Spirits, Ltd.","Food, Beverages & Tobacco > Beverages > Alcoholic Beverages > Wine",Dessert Wine,"fruit, sweet, wine",TRUE,Title,Default Title,,,,,,,,'60610010502,1360.77711,,9,deny,manual,29,,TRUE,FALSE,,,,,'60610010502,https://cdn.shopify.com/s/files/1/0623/7254/4598/files/FoggyBog.jpg?v=1761586872,1,,FALSE,,,Wine,,Adult,,,,,,,,,375.0ml,,,,,,,,,,,,sweet,fruit-wine-apple,,,,,,lb,,,active
strawberry-rhubarb-wine-1,Strawberry Rhubarb Wine,"<p><span>A light bodied, tart, semi-sweet wine inspired by the traditional early summer dessert. Delicious by itself or with sweet spicy dishes. One of our best-sellers!</span><span></span></p>","Nashoba Valley Spirits, Ltd.","Food, Beverages & Tobacco > Beverages > Alcoholic Beverages > Wine",Strawberry Rhubarb,"fruit, heritage, wine",TRUE,Title,Default Title,,,,,,,,,1360.77711,,-108,deny,manual,19.5,19.5,TRUE,FALSE,,,,,,https://cdn.shopify.com/s/files/1/0623/7254/4598/files/Strawberry.jpg?v=1733755403,1,,FALSE,,,Wine,,Adult,,,,,,,,,750.0ml,,,,,,,,massachusetts,,,,semi-sweet,,,,,,,lb,,,active
st-croix-dessert-wine,St. Croix Dessert Wine,"<p><span>A medium bodied fortified dessert style wine made from St. Croix Grapes grown on site of NVW. This is our first estate dessert style wine produced here at NVW. Fortified with estate grape brandy and oak aged for 9 months in a combination of American and Eastern European Oak. Once un-barelled this port style wine rested another 11 months in our stainless steel tanks where it underwent porpriaty aging techniques. On the nose there are prominent notes of Grape Brandy, followed by delicate notes of jam. On the palate this wine opens with strong brandy characteristics followed by notes of blackberry jam and finishes with slightly sweet cherry notes. This St. Croix Dessert Style wine is similar to a Ruby Port.</span></p>
<p> </p>","Nashoba Valley Spirits, Ltd.","Food, Beverages & Tobacco > Beverages > Alcoholic Beverages > Wine",Port Style Wine,"Port, wine",TRUE,Title,Default Title,,,,,,,,,1360.77711,,-5,deny,manual,26,0,TRUE,FALSE,,,,,,https://cdn.shopify.com/s/files/1/0623/7254/4598/files/st--croix-port-1669835247216.jpg?v=1733011953,1,,FALSE,,,Wine,,Adult,,,,,,,,,750.0ml,,,,,,,,,,,,sweet,,,,,,,lb,,,active
maidens-blush,Maiden's Blush,"<p><span>An award winning rose made from 49% Apples - 49% Pears - 2% Elderberries. Subtly perfumed, with an alluring flavor of apples, pears and elderberries. Similar in style to White Zinfandel. Named after the Maiden's Blush apple, one of over 80 ""antique"" apple varieties grown in our orchard.</span></p>","Nashoba Valley Spirits, Ltd.","Food, Beverages & Tobacco > Beverages > Alcoholic Beverages > Wine",Apple Blended Rose,"fruit, heritage, wine",TRUE,Title,Default Title,,,,,,,,,1360.77711,,-88,deny,manual,19,,TRUE,FALSE,,,,,,https://cdn.shopify.com/s/files/1/0623/7254/4598/files/maidens1-1711554558017.jpg?v=1733011666,1,,FALSE,,,Wine,,Adult,,,,,,,,,750.0ml,,,,,,,,massachusetts,,,,off-dry,,,,,,,lb,,,active
cranberry-apple-wine,Cranberry Apple Wine (old),<p><span>A New England Tradition.   One of the early wines produced by Nashoba blending the fresh cranberries of our grower Cape Cod Select and our own Red Delicious Apples. The subtle flavors and sweetness of Red Delicious is the perfect fruit to balance the crisp tartness.</span></p>,"Nashoba Valley Spirits, Ltd.","Food, Beverages & Tobacco > Beverages > Alcoholic Beverages > Wine",Semi Sweet,"fruit, heritage, wine",FALSE,Title,Default Title,,,,,,,,,1360.77711,,-250,deny,manual,18.5,,TRUE,FALSE,,,,,,https://cdn.shopify.com/s/files/1/0623/7254/4598/files/CranApple1.jpg?v=1733755221,1,,FALSE,,,Wine,,Adult,,,,,,,,,750.0ml,,,,,,,,massachusetts,,,,semi-sweet,,,,,,,lb,,,draft
sauvignon-blanc,Sauvignon Blanc,"<p><span>The perfect wine for enjoying outside on a warm summers day! This wine is clean, delicate, dry with focused acidity. Vibrant citrus, melon, honey-suckle flavors followed by crisp acidity and mineral tones. Pairs beautifully with seafood, poultry, vegetables, and salad dishes.</span></p>","Nashoba Valley Spirits, Ltd.","Food, Beverages & Tobacco > Beverages > Alcoholic Beverages > Wine",Dry White Wine,"very aromatic, white wine with distinct flavors of apricot, wine",TRUE,Title,Default Title,,,,,,,,,1360.77711,,-53,deny,manual,23.5,,TRUE,FALSE,,,,,,https://cdn.shopify.com/s/files/1/0623/7254/4598/files/SauvBlanc1.jpg?v=1733755361,1,,FALSE,,,Wine,,Adult,,,,,,,,,750.0ml,,,,,,,,,,,,dry,,,,,,,lb,,,active
vidal-blanc,Vidal Blanc,"<p><span>Our Dry Vidal Blanc wine is mildly fruity, light and crisp with aroma notes of grapefruit and pineapple. Refreshingly dry with balanced acid, look for a nice crisp very balanced finish. Vidal blanc is a white hybrid grape variety produced from the Vitis vinifera variety Ugni blanc and another hybrid variety, Rayon d'Or. It is a very winter-hardy variety that manages to produce high sugar levels in cold climates with moderate to high acidity.</span></p>","Nashoba Valley Spirits, Ltd.","Food, Beverages & Tobacco > Beverages > Alcoholic Beverages > Wine",Dry White Wine,"<p>Valin Muscat is a dry, and tropical fruits followed by a long clean finish. Pairs great with strong muenster type cheeses, curry or chile peppers.</p>, peach, spicy dishes, very aromatic, white wine with distinct flavors of apricot, wine",TRUE,Title,Default Title,,,,,,,,,1360.77711,,-6,deny,manual,21,,TRUE,FALSE,,,,,,https://cdn.shopify.com/s/files/1/0623/7254/4598/files/Vidal1.jpg?v=1733755464,1,,FALSE,,,Wine,,Adult,,,,,,,,,750.0ml,,,,,,,,,,,,dry,,,,,,,lb,,,active
seyval-blanc,Seyval Blanc,<p><span>Seyval Blancis the most successful of a series of French hybrid grapes developed by Bertille Seyve and Victor Villard in the mid-20th Century. Our Seyval Blanc is produced as dry white wine a flavor profile somewhere between Chardonnay and Sauvignon Blanc with its high acidity. Crisp and totally refreshing.</span></p>,"Nashoba Valley Spirits, Ltd.","Food, Beverages & Tobacco > Beverages > Alcoholic Beverages > Wine",Dry White Wine,"<p>Valin Muscat is a dry, and tropical fruits followed by a long clean finish. Pairs great with strong muenster type cheeses, curry or chile peppers.</p>, peach, spicy dishes, very aromatic, white wine with distinct flavors of apricot, wine",TRUE,Title,Default Title,,,,,,,,,1360.77711,,-25,deny,manual,22,,TRUE,FALSE,,,,,,https://cdn.shopify.com/s/files/1/0623/7254/4598/files/sauvblanc1-1711555839817_e3aa8283-2556-46a1-b430-088df3298216.jpg?v=1733342819,1,,FALSE,,,Wine,,Adult,,,,,,,,,750.0ml,,,,,,,,,,,,dry,,,,,,,lb,,,active
vignoles,Vignoles,"<p>The Vignoles grape creates a golden yellow color, light to medium bodied wine with notes of tropical fruit and showcasing a crisp citrus finish. On the nose: Aromas of ripe pear and melon. On the palate: Off-dry wine with initial burst of sweeteners, tropical fruit (pineapple), and apricot finishing with crisp citrus notes.</p>","Nashoba Valley Spirits, Ltd.","Food, Beverages & Tobacco > Beverages > Alcoholic Beverages > Wine",Off Dry White,"<p>Capturing the terroir of Bolton, MA our Estate Vignoles grape creates a dry citrus finish with hints of apricot and tropical fruit.</p>, wine",TRUE,Title,Default Title,,,,,,,,,1360.77711,,-49,deny,manual,21.5,0,TRUE,FALSE,,,,,,https://cdn.shopify.com/s/files/1/0623/7254/4598/files/estate-vignole-3-200x300.jpg?v=1733010484,1,,FALSE,,,Wine,,Adult,,,,,,,,,750.0ml,,,,,,,,,,,,off-dry,vignole,,,,,,lb,,,active
blueberry-merlot,Blueberry Merlot,"<p><span>One of our more interesting blends of tradition and new world. An often shunned upon vinifera meets a low bush blueberry and magic is found. A bright, fresh, medium to full-bodied wine with complex layers of wild cherry, plum, and blueberries. A great wine for blind tasting to show off your wild side commitment to tradition but adding the edge of a fresh blueberry finish; Few will believe the blend and everyone will appreciate the dry finish when a distinctive spicy mouthful of fruit lingers on the palate.  Be Bold, Explore</span></p>","Nashoba Valley Spirits, Ltd.","Food, Beverages & Tobacco > Beverages > Alcoholic Beverages > Wine",Dry Red Wine,wine,TRUE,Title,Default Title,,,,,,,,,1360.77711,,-149,deny,manual,23.5,23.5,TRUE,FALSE,,,,,,https://cdn.shopify.com/s/files/1/0623/7254/4598/files/BlueMerlot1.jpg?v=1733754808,1,,FALSE,,,Wine,,Adult,,,,,,,,,750.0ml,,,,,,,,,,,,dry,,,,,,,lb,,,active
1075,Cherry,"<p>Expertly crafted with the pure essence of just-picked red cherries. The perfect balance of crisp acidity and natural sweetness brings out the bold cherry aromas. As with all of our non-grape wines, our cherry blend is made entirely from sour cherries and carefully sweetened for a flawless taste</p>",Nashoba,"Food, Beverages & Tobacco > Beverages > Alcoholic Beverages > Wine",,"fruit, heritage, wine",TRUE,Title,Default Title,,,,,,,,'60610010305,1360.77711,,-73,deny,manual,19,,TRUE,FALSE,,,,,,https://cdn.shopify.com/s/files/1/0623/7254/4598/files/cherry1-1711044075969.jpg?v=1732366337,1,,FALSE,,,Wine,,Adult,,,,,,,,,750.0ml,,,,,,,,,,,,medium,fruit-wine-cherries,,,,,,lb,,,active
1073,Petit Verdot Rose,"<p>Our dry rose made from Petit Verdot grapes bring forth the elegant flavors of strawberries, rose water, and watermelon. Ideal for a barbecue and for drinking with spicy food such as curries. A modern rose for contemporary food.</p>","Nashoba Valley Spirits, Ltd.","Food, Beverages & Tobacco > Beverages > Alcoholic Beverages > Wine",Our dry rose,"<p>Our dry rose made from Petit Verdot grapes bring forth the elegant flavors of strawberries, and are typically used as 10% or less of a Bordeaux blend. Though rarely produced as a single varietal, and perhaps even less so as a rose, and watermelon. Ideal for a barbecue and for drinking with spicy food such as curries. A modern rose for contemporary food.Petit Verdot grapes are originally from the Bordeaux region in France, black cherry) and well-defined gravel-like minerality to create an extremely unique, blackberry, bluerry, fruit forward rose with a large degree of complexity. Having sourced grapes from a premier Californian grower, highly drinkable, rose water, this wine was created to enable the unique characteristics of Petit Verdot to shine</p>, we have decided to capitalize on the highly sought after fruit aromas (plum, wine",TRUE,Title,Default Title,,,,,,,,'60610011611,1360.77711,,-30,deny,manual,24,,TRUE,FALSE,,,,,"Our dry rose made from Petit Verdot grapes bring forth the elegant flavors of strawberries, rose water, and watermelon. Ideal for a barbecue and for drinking...",https://cdn.shopify.com/s/files/1/0623/7254/4598/files/petit1-1711555182251.jpg?v=1732366332,1,,FALSE,,,Wine,,Adult,,,,,,,,,750.0ml,,,,,,,,washington,,,,off-dry,rose,,,,,,lb,,,active
1072,Pinot Noir,"<p>Medium bodied with bright acidity and silky tanninis.?ÿ Complex flavors of cherry, raspberry and blackberry.?ÿ Finishes with notes of vanilla.?ÿ Pairs great with turkey, pork and mushrooms.</p>",Nashoba,"Food, Beverages & Tobacco > Beverages > Alcoholic Beverages > Wine",,"<p>Medium bodied with bright acidity and silky tanninis.&nbsp; Complex flavors of cherry, pork and mushrooms.&nbsp;</p>, raspberry and blackberry.&nbsp; Finishes with notes of vanilla.&nbsp; Pairs great with turkey, wine",TRUE,Title,Default Title,,,,,,,,'60610011609,1360.77711,,-22,deny,manual,25,,TRUE,FALSE,,,,,"Medium bodied with bright acidity and silky tanninis.  Complex flavors of cherry, raspberry and blackberry.  Finishes with notes of vanilla.  Pairs great...",https://cdn.shopify.com/s/files/1/0623/7254/4598/files/thumbnail_pinot-noir-1-1729258056563.png?v=1732366329,1,,FALSE,,,Wine,,Adult,,,,,,,,,750.0ml,,,,,,,,,,,,dry,,,,,,,lb,,,active
1071,Estate Overlook Rose,"<p>Made from a blend of 90% Estate Riesling and 10% Estate St. Croix grapes, creates a dry, intensely aromatic, mouthwatering rose. Fruity, elegant, and effortlessly drinkable, this all-day rosé is perfect for any occasion—whether you're lounging on ""The Knoll"", pairing it with light bites, or simply sipping and savoring the moment.</p>","Nashoba Valley Spirits, Ltd.","Food, Beverages & Tobacco > Beverages > Alcoholic Beverages > Wine",Off Dry Rose,"<p>Crisp, rose, wine",TRUE,Title,Default Title,,,,,,,,,1360.77711,,-6,deny,manual,24,,TRUE,FALSE,,,,,,https://cdn.shopify.com/s/files/1/0623/7254/4598/files/overlook1-1711553775136.jpg?v=1732366326,1,,FALSE,,,Wine,,Adult,,,,,,,,,,,,,,,,,estate,,,,dry,,,,,,,lb,,,active
1070,Baldwin Apple Wine,"<p>A medium bodied, oak aged, dry apple wine with balanced acidity and hints of smoke, pears and mint.  Serve with poultry, ham or pork.  Made from our own Baldwin apples and one of our favorite winemaking apples</p>","Nashoba Valley Spirits, Ltd.","Food, Beverages & Tobacco > Beverages > Alcoholic Beverages > Wine","Oak-aged, dry apple wine","apple, dry apple wine with balanced acidity and hints of smoke, fruit, heritage, oak aged, pears and mint.&nbsp; Serve with poultry, wine",TRUE,Title,Default Title,,,,,,,,'60610010201,1360.77711,,-21,deny,manual,19,,TRUE,FALSE,,,,,,https://cdn.shopify.com/s/files/1/0623/7254/4598/files/Baldwin1.jpg?v=1733754879,1,,FALSE,,,Wine,,Adult,,,,,,,,,750.0ml,,,,,,,,massachusetts,,,,dry,fruit-wine-apple,,,,,,lb,,,active
1069,Renaissance **November Wine of the Month- 10% Off**,"<p>Our signature blend of oak aged Cabernet Franc, Lemberger and Merlot produces a full body moderately tannic dry red wine with a spicy finish.</p>","Nashoba Valley Spirits, Ltd.","Food, Beverages & Tobacco > Beverages > Alcoholic Beverages > Wine",Dry Red Wine,"<p>Our signature blend of oak aged Cabernet Franc, Lemberger and Merlot produces a full body moderately tannic dry red wine with a spicy finish.</p>, wine",TRUE,Title,Default Title,,,,,,,,6.06E+11,1360.77711,,-129,deny,manual,22.5,25,TRUE,FALSE,,,,,,https://cdn.shopify.com/s/files/1/0623/7254/4598/files/ren1-1711555613917.jpg?v=1732366321,1,,FALSE,,,Wine,,Adult,,,,,,,,,750.0ml,,,,,,,,massachusetts,,,,dry,,,,,,,lb,,,active
1067,Rose All Day - Basket,,Nashoba,"Food, Beverages & Tobacco > Beverages > Alcoholic Beverages > Wine",Think Pink this Valentines Day.,"2 fudge dipped oreos and themed napkin.&nbsp; &nbsp; Price does not include FedEx ground shipping&nbsp;</p>, <p>Let us do the creativity for you.&nbsp; &nbsp;1 Bottle Petite Verdot Rose and 1 Bottle Overlook Roseo &amp;&nbsp; Nashoba Wine Glass",FALSE,Title,Wine,,6061007,Rose Combo,,,,,'6061007,4082.33133,,0,deny,manual,0,72.5,TRUE,FALSE,,,,,"Let us do the creativity for you.   1 Bottle Petite Verdot Rose and 1 Bottle Overlook Roseo &amp;  Nashoba Wine Glass, 2 fudge dipped oreos and themed...",https://cdn.shopify.com/s/files/1/0623/7254/4598/files/val1-1675203808048.jpg?v=1732366316,1,,FALSE,,,Wine,,Adult,,,,,,,,,,,,,,,,,,,,,,,,,,,,lb,,,draft
1066,Holiday Spiced Cranberry Apple Wine,<p>Limited seasonal release November 1. Our traditional Cranberry Apple wine infused with proprietary spices. Perfect addition to your holiday dinner table.</p>,"Nashoba Valley Spirits, Ltd.","Food, Beverages & Tobacco > Beverages > Alcoholic Beverages > Wine",Seasonal Wine - Holiday Spiced Cranberry Apple,"fruit, heritage, wine",FALSE,Title,Default Title,,,,,,,,6.06E+11,1360.77711,,-157,deny,manual,17.75,,TRUE,FALSE,,,,,,https://cdn.shopify.com/s/files/1/0623/7254/4598/files/dsc01490-1730407729270.jpg?v=1732366313,1,,FALSE,,,Wine,,Adult,,,,,,,,,750.0ml,,,,,,,,massachusetts,,,,semi-sweet,,,,,,,lb,,,draft
1065,Peach,"<p>Incredible soft peach silky texture, this wine is sweet, crisp, and refreshing especially if served ice cold. It is perfect for sipping on by the pool on hot summer days. It's love at first sip.</p>","Nashoba Valley Spirits, Ltd.","Food, Beverages & Tobacco > Beverages > Alcoholic Beverages > Wine",Peach Wine,"<p>Incredible soft peach silky texture, and refreshing especially if served ice cold. It&rsquo;s perfect for sipping on by the pool on hot summer days. It's love at first sip..</p>, crisp, fruit, heritage, our&nbsp;wine is sweet, wine",TRUE,Title,Default Title,,,,,,,,6.06E+11,1360.77711,,-56,deny,manual,18.5,,TRUE,FALSE,,,,,"Incredible soft peach silky texture, our wine is sweet, crisp, and refreshing especially if served ice cold. It&rsquo;s perfect for sipping on by the pool on...",https://cdn.shopify.com/s/files/1/0623/7254/4598/files/peach1-1711555083955.jpg?v=1732366311,1,,FALSE,,,Wine,,Adult,,,,,,,,,750.0ml,,,,,,,,,,,,semi-sweet,,,,,,,lb,,,active
1064,Estate Cabernet Franc,"<p>Subtle, yet expressive tones of bramble fruits with fine tannins from our own estate grown grapes. Hints of pepper and spice enhance the depth and round fruit taste.</p>","Nashoba Valley Spirits, Ltd.","Food, Beverages & Tobacco > Beverages > Alcoholic Beverages > Wine",Estate Grown Red Wine,"<p>Subtle, Dry Red Wine, Grape Wine, Red Wine, West to East Wines, wine, yet expressive tones of bramble fruits with fine tannins from our own estate grown grapes. Hints of pepper and spice enhance the depth and round fruit taste.</p>",TRUE,Title,Default Title,,,,,,,,6.06E+11,1360.77711,,-40,deny,manual,28,,TRUE,FALSE,,,,,,https://cdn.shopify.com/s/files/1/0623/7254/4598/files/cabfranc1-1711553561138.jpg?v=1732366308,1,,FALSE,,,Wine,,Adult,,,,,,,,,750.0ml,,,,,,,,massachusetts,,,,dry,red,,,,,,lb,,,active
1062,Plum,"<p>Delicately fragrant, clean and simple with lightly citric, grapefruit, lemon-lime and mineral flavors. Compliments dishes flavored with cumin or ginger, or paired with trout, fresh oysters or shrimp cocktail.</p>","Nashoba Valley Spirits, Ltd.","Food, Beverages & Tobacco > Beverages > Alcoholic Beverages > Wine",Sweet Plum Wine,"<p>Delicately fragrant, clean and simple with lightly citric, fresh oysters or shrimp cocktail.</p>, fruit, grapefruit, heritage, lemon-lime and mineral flavors. Compliments dishes flavored with cumin or ginger, or paired with trout, wine",TRUE,Title,Default Title,,,,,,,,6.06E+11,1360.77711,,-56,deny,manual,18.5,,TRUE,FALSE,,,,,,https://cdn.shopify.com/s/files/1/0623/7254/4598/files/plum1-1711555409868.jpg?v=1732366303,1,,FALSE,,,Wine,,Adult,,,,,,,,,750.0ml,,,,,,,,,,,,sweet,,,,,,,lb,,,active
1060,Raspberry,"<p>This medium-bodied, highly extracted, mildly sweet wine exhibits crushed ripe raspberry and citrus aromas and flavor. Bring on the chocolate cake!</p>","Nashoba Valley Spirits, Ltd.","Food, Beverages & Tobacco > Beverages > Alcoholic Beverages > Wine",Sweet Dessert Wine,"<p>This medium-bodied, fruit, heritage, highly extracted, mildly sweet wine exhibits crushed ripe raspberry and citrus aromas and flavor. Bring on the chocolate cake!</p>, wine",TRUE,Title,Default Title,,,,,,,,,1360.77711,,-31,deny,manual,20,,TRUE,FALSE,,,,,,https://cdn.shopify.com/s/files/1/0623/7254/4598/files/rasberry1-1711555499984.jpg?v=1732366298,1,,FALSE,,,Wine,,Adult,,,,,,,,,750.0ml,,,,,,,,,,,,sweet,,,,,,,lb,,,active
1059,Estate Vignoles,"<p>Capturing the terroir of Bolton, MA our Estate Vignoles grape creates a dry citrus finish with hints of apricot and tropical fruit.</p>","Nashoba Valley Spirits, Ltd.","Food, Beverages & Tobacco > Beverages > Alcoholic Beverages > Wine",Dry White Estate Wine,"<p>Capturing the terroir of Bolton, MA our Estate Vignoles grape creates a dry citrus finish with hints of apricot and tropical fruit.</p>, wine",TRUE,Title,Default Title,,,,,,,,6.06E+11,1360.77711,,-28,deny,manual,24,,TRUE,FALSE,,,,,,https://cdn.shopify.com/s/files/1/0623/7254/4598/files/estatevignoles1-1711554161695.jpg?v=1732366295,1,,FALSE,,,Wine,,Adult,,,,,,,,,750.0ml,,,,,,,,estate; massachusetts,,,,dry,vignole,,,,,,lb,,,active
1058,Spicy Wifey,<p>Spicy Wifey - A delicious Rose wine with a jalapeño kick!</p>,Nashoba,"Food, Beverages & Tobacco > Beverages > Alcoholic Beverages > Wine",Canned Wine,"<p>Spicy Wifey- A delicious Ros&eacute; wine with a jalape&ntilde;o kick! Perfect for all rose and spicy lovers! 11% ABV 355mL.</p>
<p>~Spicy Wife, Spicy Life~</p>",TRUE,Title,Canned Wine,,1.11E+13,Canned,,,,,1.11E+13,0,,-1,deny,manual,6.75,6.75,TRUE,FALSE,,,,,"Spicy Wifey- A delicious Ros&eacute; wine with a jalape&ntilde;o kick! Perfect for all rose and spicy lovers! 11% ABV 355mL.
~Spicy Wife, Spicy Life~",https://cdn.shopify.com/s/files/1/0623/7254/4598/files/spicy-wifey-1663349130604.jpg?v=1732366292,1,,FALSE,,,Wine,,Adult,,,,,,,,,,,,,,,,,,,,,,,,,,,,lb,,,active
1057,Artemisia Dry Vermouth,<p><span>Experience a light and dry vermouth with a delightful sweetness. Aromatic florals create a welcoming aroma invigorate your taste buds. The effervescent body elevates any cocktail or food pairing. Get ready to elevate your senses with Artemisia Dry Vermouth!</span></p>,"Nashoba Valley Spirits, Ltd.","Food, Beverages & Tobacco > Beverages > Alcoholic Beverages > Wine",Dry vermouth:,"All, citrus, Vermouth, wine",TRUE,Title,Default Title,,,,,,,,'60610022203,1360.77711,,0,deny,manual,18,,TRUE,FALSE,,,,,"Dry vermouth: Made from fortified Seyval Blanc wine and steeped with a proprietary mix of herbs and spices. Prominent notes of vanilla, citrus, rose hips and...",https://cdn.shopify.com/s/files/1/0623/7254/4598/files/dryvermouth1-1711038087266.jpg?v=1732366289,1,,FALSE,,,Wine,,Adult,,,,,,,,,375.0ml; 0.1us_gal,,,,,united-states,,,,,,,dry,,,,,,,lb,,,active
1055,Malbec,"<p>Pure, rich and very elegant; a powerhouse of lush black fruit, silky cocoa, black spice and cream, wrapped around blackberry, cherry and ripe plum.?ÿ Layered and complex with a nose to linger over, a finish that never ends.</p>","Nashoba Valley Spirits, Ltd.","Food, Beverages & Tobacco > Beverages > Alcoholic Beverages > Wine",Dry Red Wine,"<p><em>Our 2019 Malbec. Deep ruby, wine",TRUE,Title,Default Title,,,,,,,,6.06E+11,1360.77711,,-67,deny,manual,27,,TRUE,FALSE,,,,,"Our 2019 Malbec. Deep ruby, and purple in color. With notes of dark berries, plums and a hint of soft spice notes. Medium to heavy bodied with mild tannin...",https://cdn.shopify.com/s/files/1/0623/7254/4598/files/malbec1-1711554682353.jpg?v=1732366284,1,,FALSE,,,Wine,,Adult,,,,,,,,,750.0ml,,,,,,,,,,,,,,,,,,,lb,,,active
1054,Azule - Blueberry Port,"<p>Azule is a full-bodied, richly textured, high spirited Port-style wine with opulent blueberry and chocolate aromas featuring modest sweetness</p>
<p> </p>",Nashoba,"Food, Beverages & Tobacco > Beverages > Alcoholic Beverages > Wine",Port Style Wine,"Blueberry, Port, wine",TRUE,Title,Default Title,,,,,,,,,1360.77711,,-15,deny,manual,38,,TRUE,FALSE,,,,,,https://cdn.shopify.com/s/files/1/0623/7254/4598/files/azule1-1711040021615.jpg?v=1732366281,1,,FALSE,,,Wine,,Adult,,,,,,,,,750.0ml,,,,,,,,maine,,,,,,,,,,,lb,,,active
1053,Gravenstein,"<p>Crisp, light, austere and elegant, this favorite old-time apple translates nicely into an excellent dry wine.?ÿ The Gravenstein apple is the earliest apple we grow that actually tastes like an apple; crisp, juicy and tart. Excellent in pies.</p>","Nashoba Valley Spirits, Ltd.","Food, Beverages & Tobacco > Beverages > Alcoholic Beverages > Wine",Dry White Apple Wine,"<p>Crisp, austere and elegant, fruit, heritage, juicy and tart. Excellent in pies.</p>, light, this favorite old-time apple translates nicely into an excellent dry wine. The Gravenstein apple is the earliest apple we grow that actually tastes like an apple; crisp, wine",FALSE,Title,Default Title,,,,,,,,6.06E+11,1360.77711,,-3,deny,manual,16.5,,TRUE,FALSE,,,,,"Crisp, light, austere and elegant, this favorite old-time apple translates nicely into an excellent dry wine. The Gravenstein apple is the earliest apple we...",https://cdn.shopify.com/s/files/1/0623/7254/4598/files/gravenstein1-1711554449039.jpg?v=1732366278,1,,FALSE,,,Wine,,Adult,,,,,,,,,750.0ml,,,,,,,,massachusetts,,,,dry,fruit-wine-apple,,,,,,lb,,,draft
1052,Mead,"<p>An off-dry honey wine with a lingering full body. Intricate notes of clover, flowers and fruits are richly represented.</p>","Nashoba Valley Spirits, Ltd.","Food, Beverages & Tobacco > Beverages > Alcoholic Beverages > Wine",Mead,"<p><em>Mead is an alcoholic beverage made from fermented honey and water. This is an off-dry Mead with a lingering full honey body. On the front of the palate delicate notes of clover, flowers and fruits that prelude to the making of honey. Which is followed by a rich, fruit, heritage, lingering honey finish. Mead has a long history and is widely thought to be one of the oldest alcoholic beverages, succulent, wine, with evidence for the consumption dating to the 7th millennium BCE in China. Mead then went on to become the most common alcoholic drink of England during the 10th-14th century.</em></p>",TRUE,Title,Default Title,,,,,,,,6.06E+11,1360.77711,,-15,deny,manual,21,,TRUE,FALSE,,,,,Mead is an alcoholic beverage made from fermented honey and water. This is an off-dry Mead with a lingering full honey body. On the front of the palate...,https://cdn.shopify.com/s/files/1/0623/7254/4598/files/nashoba-mead-1624356928824.jpg?v=1732366275,1,,FALSE,,,Wine,,Adult,,,,,,,,,750.0ml,,,,,,,,,,,,,,,,,,,lb,,,active
1051,Dry Pear,"<p>A medium bodied, soft, balanced wine with delicate ripe pear and mild toasty aromas from barrel aging. One of our very favorite heritage wines blending the flavors and aromas of Bartlett Pears with the tradition of barrel aging</p>","Nashoba Valley Spirits, Ltd.","Food, Beverages & Tobacco > Beverages > Alcoholic Beverages > Wine",Barrel Aged Apple Wine,"fruit, heritage, pear, wine",TRUE,Title,Default Title,,,,,,,,6.06E+11,1360.77711,,-58,deny,manual,20.5,,TRUE,FALSE,,,,,,https://cdn.shopify.com/s/files/1/0623/7254/4598/files/drypear1-1711553419850.jpg?v=1732366273,1,,FALSE,,,Wine,,Adult,,,,,,,,,750.0ml,,,,,,,,massachusetts,,,,dry,fruit-pear,,,,,,lb,,,active
1050,Riesling,"<p>An off-dry Riesling with complex, rich and fruity with suggestions of peach, apricot, citrus, and pineapple. Well-balanced with a crisp, tart, long smooth finish.</p>",Nashoba,"Food, Beverages & Tobacco > Beverages > Alcoholic Beverages > Wine",Off Dry White,"<p>Complex, apricot, citrus and pineapple.Well-balanced with an off-dry, crisp and smooth finish.</p>, rich and fruity with suggestions of peach, wine",TRUE,Title,Default Title,,,,,,,,6.06E+11,1360.77711,,-11,deny,manual,22,,TRUE,FALSE,,,,,,https://cdn.shopify.com/s/files/1/0623/7254/4598/files/riesling1-1711555747244.jpg?v=1732366270,1,,FALSE,,,Wine,,Adult,,,,,,,,,750.0ml,,,,,,,,,,,,,,,,,,,lb,,,active
1049,Semi-Sweet Blueberry,"<p><span>Rich and mellow, with medium sweetness. Medium-body and balanced acidity, with earth, herb and blueberry flavors. Wild blueberries from western Massachusetts, New Hampshire and Northern Maine are used.</span></p>",Nashoba,"Food, Beverages & Tobacco > Beverages > Alcoholic Beverages > Wine","This award winning wine is rich, silky and mellow, with medium sweetness. Medium-body and balanced acidity, with earth, herb and incredible blueberry flavors.","<p>This award winning wine is rich, fruit, herb and incredible blueberry flavors.</p>, heritage, silky and mellow, wine, with earth, with medium sweetness. Medium-body and balanced acidity",TRUE,Title,Default Title,,,,,,,,6.06E+11,1360.77711,,-101,deny,manual,21,,TRUE,FALSE,,,,,,https://cdn.shopify.com/s/files/1/0623/7254/4598/files/semisweet1-1711555956676.jpg?v=1732366268,1,,FALSE,,,Wine,,Adult,,,,,,,,,750.0ml,,,,,,,,,,,,,,,,,,,lb,,,active
1048,Valvin Muscat,"<p>Valvin Muscat is a dry, very aromatic, white wine with distinct flavors of apricot, peach, and tropical fruits followed by a long clean finish. Pairs great with strong muenster type cheeses, spicy dishes, curry or chile peppers.</p>","Nashoba Valley Spirits, Ltd.","Food, Beverages & Tobacco > Beverages > Alcoholic Beverages > Wine",Dry White Wine,"<p>Valin Muscat is a dry, and tropical fruits followed by a long clean finish. Pairs great with strong muenster type cheeses, curry or chile peppers.</p>, peach, spicy dishes, very aromatic, white wine with distinct flavors of apricot, wine",FALSE,Title,Default Title,,,,,,,,,1360.77711,,-1012,deny,manual,18,,TRUE,FALSE,,,,,,https://cdn.shopify.com/s/files/1/0623/7254/4598/files/valvin1-1711556529897.jpg?v=1732366265,1,,FALSE,,,Wine,,Adult,,,,,,,,,750.0ml,,,,,,,,,,,,dry,,,,,,,lb,,,draft
1047,Pinot Gris,"<p>Delicately fragrant, clean and simple with lightly citric, grapefruit, lemon-lime and mineral flavors. Compliments dishes flavored with cumin or ginger, or paired with trout, fresh oysters or shrimp cocktail.</p>","Nashoba Valley Spirits, Ltd.","Food, Beverages & Tobacco > Beverages > Alcoholic Beverages > Wine",Dry White Wine,"<p><em>2019 Pinot Gris. Delicate notes of crisp acidic fruits such as lemon, grapefruit, lemon, lime, wine",TRUE,Title,Default Title,,,,,,,,'60610011608,1360.77711,,-23,deny,manual,23,,TRUE,FALSE,,,,,"2019 Pinot Gris. Delicate notes of crisp acidic fruits such as lemon, lime, grapefruit and finishes with slight minerality. On the nose: Delicate citrus...",https://cdn.shopify.com/s/files/1/0623/7254/4598/files/pinotgris1-1711555280548.jpg?v=1732366262,1,,FALSE,,,Wine,,Adult,,,,,,,,,750.0ml,,,,,,,,,,,,dry,,,,,,,lb,,,active
1046,Cyser,"<p>A light-bodied semi-sweet wine produced from estate apples and honey. Clean and well-balanced, with zesty acidity on entry and lingering honey perfumey character at the finish</p>",Nashoba,"Food, Beverages & Tobacco > Beverages > Alcoholic Beverages > Wine",Honey and Apple Wine,"apple, fruit, heritage, honey, mead, wine",TRUE,Title,Default Title,,,,,,,,6.06E+11,1360.77711,,-46,deny,manual,19,,TRUE,FALSE,,,,,,https://cdn.shopify.com/s/files/1/0623/7254/4598/files/cyser1-1711044582380.jpg?v=1732366260,1,,FALSE,,,Wine,,Adult,,,,,,,,,750.0ml,,,,,,,,,,,,,,,,,,,lb,,,active
1045,Thumper Black Raspberry Hard Seltzer,"<p>A vodka soda made from our apple based vodka, reverse osmosis water, black raspberry extract and carbonation. Entirely gluten free, contains no sugar, no artificial flavoring, and only 103 Calories. Sometimes simplicity is best and this product showcases that! 5% ABV</p>",Nashoba,"Food, Beverages & Tobacco > Beverages > Alcoholic Beverages > Wine","Thumper Black Raspberry- A vodka soda made from our apple-based vodka, reverse osmosis water, black raspberry extract and carbonation.","<p>SOLD OUT Thumper Black Raspberry- A vodka soda made from our apple-based vodka, and only 103 Calories. Sometimes simplicity is best, and this product showcases that! 5% ABV 12oz PICK UP ONLY</p>, black raspberry extract and carbonation. Entirely gluten free, contains no sugar, no artificial flavoring, reverse osmosis water",TRUE,Title,Spirits,,1.23E+11,Black Rasp Seltzer,,,,,1.23E+11,226.796185,,-2,deny,manual,3.25,3.25,TRUE,FALSE,,,,,"SOLD OUT Thumper Black Raspberry- A vodka soda made from our apple-based vodka, reverse osmosis water, black raspberry extract and carbonation. Entirely...",https://cdn.shopify.com/s/files/1/0623/7254/4598/files/thumper-seltzer-black-raspberry-1663350810882.jpg?v=1732366256,1,,FALSE,,,Wine,,Adult,,,,,,,,,,,,,,,,,,,,,,,,,,,,lb,,,active
1044,Cabernet Sauvignon,"<p>Bold and complex flavors, this wine boasts rich notes of dark fruit and a barely perceptible touch of oak, delivering a full-bodied and satisfying experience. Elevate any meal or occasion with a bottle of our Cabernet Sauvignon.</p>","Nashoba Valley Spirits, Ltd.","Food, Beverages & Tobacco > Beverages > Alcoholic Beverages > Wine","Fleshy, dark berry fruits and warm spice fill the palate, supported by a barely perceptible touch of oak. An evenly textured, silky mouth-feel finishes with fine velvety tannins and a tight acid backbone. Yup, its a Cab and a big, bold one!","<p><em>2019 vintage of Cabernet Sauvignon was aged in all first fill American oak and utilized</em>&nbsp;<em>extended maceration and a cold soak to extract as much tannin as possible.&nbsp;A bold, heavy tannin wine. Full-bodied with notes of ripe plum and wild berry spice&nbsp;on the front of the palate. Followed by complex notes of black pepper and a&nbsp;hint of vanilla derived from oak aging.</em></p>, wine",TRUE,Title,Default Title,,,,,,,,6.06E+11,1360.77711,,-74,deny,manual,27,,TRUE,FALSE,,,,,2019 vintage of Cabernet Sauvignon was aged in all first fill American oak and utilized extended maceration and a cold soak to extract as much tannin as...,https://cdn.shopify.com/s/files/1/0623/7254/4598/files/cabsauv1-1711043688675.jpg?v=1732366254,1,,FALSE,,,Wine,,Adult,,,,,,,,,750.0ml,,,,,,,,,,,,dry,red,,,,,,lb,,,active
1042,Amora - Blackberry Port Style Wine,"<p>Ruby red in color with intense aromas of blackberries with underlying mineral and tea-like hints of espresso. Powerful, bright &amp; concentrated blackberry fruit flavors on the palate. The palate is rich yet elegant, with vibrant purity of fruit and a supple</p>","Nashoba Valley Spirits, Ltd.","Food, Beverages & Tobacco > Beverages > Alcoholic Beverages > Wine",Dessert Wine,"Blackberries, Red Wine, sweet, wine",TRUE,Size,375,,,,,,,,6.06E+11,1360.77711,,-20,deny,manual,23,,TRUE,FALSE,,,,,,https://cdn.shopify.com/s/files/1/0623/7254/4598/files/amora1-1711037950305.jpg?v=1732366249,1,,FALSE,,,Wine,,Adult,,,,,,,,,375.0ml,,,,,,,,,,,,sweet,fruit-blackberries,,,,,,lb,,,active
1041,Estate Riesling,<p>Estate grown on one of the highest elevation in central Massachusetts.   Fragrant aromas of white peach and Bosc pear backed by pastoral scents of hay or straw.</p>,Nashoba,"Food, Beverages & Tobacco > Beverages > Alcoholic Beverages > Wine",,"<p>Estate grown on one of the highest elevation in central Massachusetts. Fragrant aromas of white peach and Bosc pear backed by pastoral scents of hay or straw.</p>, wine",TRUE,Title,Default Title,,,,,,,,'60610011804,1360.77711,,-31,deny,manual,24,,TRUE,FALSE,,,,,,https://cdn.shopify.com/s/files/1/0623/7254/4598/files/estateriesling1-1711553894652.jpg?v=1732366246,1,,FALSE,,,Wine,,Adult,,,,,,,,,750.0ml,,,,,,,,estate; massachusetts,,,,dry,,,,,,,lb,,,active
1038,Merlot,"<p>Medium-bodied, bursting with fruit! Notes of plum and black cherry followed by a dry/ tannic finish. An approachable, easy to drink red wine. Pairs well with, rack of lamb, venison or bbq chicken pizza. A versatile wine perfect for any night</p>","Nashoba Valley Spirits, Ltd.","Food, Beverages & Tobacco > Beverages > Alcoholic Beverages > Wine",Dry Red Wine,wine,TRUE,Title,Default Title,,,,,,,,6.06E+11,1360.77711,,-30,deny,manual,24,,TRUE,FALSE,,,,,"One of our more interesting blends of tradition and new world. An often shunned upon vinifera meets a low bush blueberry and magic is found. A bright, fresh,...",https://cdn.shopify.com/s/files/1/0623/7254/4598/files/merlot1-1711554869308.jpg?v=1732366238,1,,FALSE,,,Wine,,Adult,,,,,,,,,750.0ml,,,,,,,,,,,,dry,merlot,,,,,,lb,,,active
1036,Gewurtztraminer,"<p>Aromas of Jasmine lead the way to lychee, pear and wet stone in this bright, light and high-toned wine; a whirl of grapefruit and mango on the midpalate. The acidity holds tight throughout, making for a lively experience of balanced fruit and texture.</p>","Nashoba Valley Spirits, Ltd.","Food, Beverages & Tobacco > Beverages > Alcoholic Beverages > Wine",Dry White Wine,"<p>Aromas of Jasmine lead the way to lychee, light and high-toned wine; a whirl of grapefruit and mango on the midpalate. The acidity holds tight throughout, making for a lively experience of balanced fruit and texture.</p>, pear and wet stone in this bright, wine",FALSE,Title,Default Title,,,,,,,,6.06E+11,1360.77711,,0,deny,manual,19,,TRUE,FALSE,,,,,,https://cdn.shopify.com/s/files/1/0623/7254/4598/files/gewurtzraminer-1624356417384.jpg?v=1732366232,1,,FALSE,,,Wine,,Adult,,,,,,,,,750.0ml,,,,,,,,,,,,dry,gewurtzminer,,,,,,lb,,,draft
1035,Chardonnay,"<p>The traditional barrel aged Chardonnay is rich with flavors of toasted oak, vanilla, apple, pear and hints of coconut. Refined acidity and hints of green apple linger on the elegant finish</p>","Nashoba Valley Spirits, Ltd.","Food, Beverages & Tobacco > Beverages > Alcoholic Beverages > Wine",Dry White Wine Oak Aged,wine,TRUE,Title,Default Title,,,,,,,,6.06E+11,1360.77711,,-26,deny,manual,24.5,,TRUE,FALSE,,,,,,https://cdn.shopify.com/s/files/1/0623/7254/4598/files/chardonnay1-1711043872172.jpg?v=1732366229,1,,FALSE,,,Wine,,Adult,,,,,,,,,750.0ml,,,,,,,,,,,,dry,,,,,,,lb,,,active
1032,Marion,<p>Slightly acidic with a mildly sweet finish.?ÿ Made with 25% Marion blackberries and 75% Chardonnay grapes.</p>,"Nashoba Valley Spirits, Ltd.","Food, Beverages & Tobacco > Beverages > Alcoholic Beverages > Wine",Off Dry Rose,"<p>Slightly acidic with a mildly sweet finish. Made with 25% Marion blackberries and 75% Chardonnay grapes.</p>, wine",TRUE,Title,Default Title,,,,,,,,6.06E+11,1360.77711,,-29,deny,manual,21,,TRUE,FALSE,,,,,,https://cdn.shopify.com/s/files/1/0623/7254/4598/files/marion1-1711554754733.jpg?v=1732366221,1,,FALSE,,,Wine,,Adult,,,,,,,,,750.0ml,,,,,,,,,,,,off-dry,,,,,,,lb,,,active
1031,Estate Chardonnay,"<p>All Estate-grown Nashoba Valley vineyard grapes, hand- harvested and whole-cluster pressed. Translucent gold color. Barrel toast and caramelized flavors resembling tropical fruits layered with apple, pear and melon. Cool-climate firm acid finish.</p>",Nashoba,"Food, Beverages & Tobacco > Beverages > Alcoholic Beverages > Wine",,"<p>All Estate-grown Nashoba Valley vineyard grapes, hand- harvested and whole-cluster pressed. Translucent gold color. Barrel toast and caramelized flavors resembling tropical fruits layered with apple, pear and melon. Cool-climate firm acid finish.</p>, wine",TRUE,Title,Default Title,,,,,,,,'60610010316,1360.77711,,-30,deny,manual,25.5,,TRUE,FALSE,,,,,,https://cdn.shopify.com/s/files/1/0623/7254/4598/files/estatechar1-1711553669389.jpg?v=1732366218,1,,FALSE,,,Wine,,Adult,,,,,,,,,750.0ml,,,,,,,,massachusetts,,,,dry,white,,,,,,lb,,,active
1029,Stainless Chardonnay,"<p>A nice break from the barrel fermented buttery traditional Chardonnays, our stainless steel aged Chardonnay allow the fruit to express its true personality. The truest expression of the grape revealing balanced aromas of tropical fruits and citrus, crisp</p>","Nashoba Valley Spirits, Ltd.","Food, Beverages & Tobacco > Beverages > Alcoholic Beverages > Wine",Dry White Wine,"<p><em>2019 Stainless Steel Chardonnay. A medium to full bodied dry white wine with notes of green apple, honey and finishes with slight lemon notes. This is a refreshing almost thirst quenching style, making it an easy drinking wine that is perfect for a beautiful Spring or Summer day. This vintage pairs great with spicy foods such as curry or freshly caught fish.</em></p>, pear, wine",TRUE,Title,Default Title,,,,,,,,6.06E+11,1360.77711,,-67,deny,manual,23,,TRUE,FALSE,,,,,"2019 Stainless Steel Chardonnay. A medium to full bodied dry white wine with notes of green apple, pear, honey and finishes with slight lemon notes. This is...",https://cdn.shopify.com/s/files/1/0623/7254/4598/files/stainless1-1711556286577.jpg?v=1732366213,1,,FALSE,,,Wine,,Adult,,,,,,,,,750.0ml,,,,,,,,,,,,dry,,,,,,,lb,,,active
1028,Artemisia Sweet Vermouth,"<p>Sweet vermouth: Made form fortified Merlot wine which was steeped with a proprietary blend of herbs and spices. Prominent notes of orange peel, cardamom, gentian root and wormwood. Perfect for making Manhattan's or Negroni's.</p>","Nashoba Valley Winery, Distillery and Brewery","Food, Beverages & Tobacco > Beverages > Alcoholic Beverages > Wine",,"Vermouth, wine",TRUE,Title,Default Title,,,,,,,,'60610022204,1360.77711,,-2,deny,manual,18,,TRUE,FALSE,,,,,"Sweet vermouth: Made form fortified Merlot wine which was steeped with a proprietary blend of herbs and spices. Prominent notes of orange peel, cardamom,...",https://cdn.shopify.com/s/files/1/0623/7254/4598/files/sweetvermouth1-1711039375100.jpg?v=1732366210,1,,FALSE,,,Wine,,Adult,,,,,,,,,375.0ml,,,,,,,,,,,,sweet,merlot,,,,,,lb,,,active
1027,Estate St. Croix,"<p>St. Croix produces a sweet bluish-red grape that makes an excellent grape for a northern red wine.St Croix makes a medium to full-bodied, dry, deep red wine with soft tannins and good fruit aromas, with currant and other dried fruit flavor qualities.</p>",Nashoba,"Food, Beverages & Tobacco > Beverages > Alcoholic Beverages > Wine",,"<p>St. Croix produces a sweet bluish-red grape that makes an excellent grape for a northern red wine.St Croix makes a medium to full-bodied, deep red wine with soft tannins and good fruit aromas, dry, wine, with currant and other dried fruit flavor qualities.</p>",TRUE,Title,Default Title,,,,,,,,6.06E+11,1360.77711,,-19,deny,manual,21.5,,TRUE,FALSE,,,,,,https://cdn.shopify.com/s/files/1/0623/7254/4598/files/st-croix1-1711554041101.jpg?v=1732366207,1,,FALSE,,,Wine,,Adult,,,,,,,,,750.0ml,,,,,,,,estate; massachusetts,,,,dry,,,,,,,lb,,,active
